user_id,text_id,title,text,true_label,predicted_label,score,method
user1489,b9ed4d97d459,Back in it,Things seemed to look up. I followed the light. It was an illusion.,yes,yes,0.9844838976860046,phase3_latent
user1552,3d79874ffd9e,There is truly no light at the end of the tunnel,I'm at a point where I've seen no light at the end of the tunnel for quite a while. I've lightly thought about just ending it for some time as well. Tonight I feel it like never before. Still though there is a voice telling me that's stupid and of course I can't do that. But I'm scared that voice will go away someday? I don't know. I don't know how it works. I just want to feel okay again. I looked at some old photos today and there was one where I realized that was the last time I truly felt good. I don't remember being scared or sad or numb or even considering something stupid like this. Not sure what the point of this post is. I just wish there was something I could do to feel good.,no,no,0.26053178310394287,phase3_latent
user1718,68a1de6fc829,I feel unimportant.,"Not the first time I'm going through this of course, but recently it hit really hard. Like everything. I'm feeling extremely sad and tired. I want to die. Like genuinely. I feel like my life on this earth is insignificant and useless. I'm realizing I'm not happy with myself. I try to change but no matter how much I do, I can't seem to feel happy....about anything. My friends are disappearing one by one, school is getting harder and harder by the day, my anxiety has entered its way into mind, and dark thoughts cloud over anything bright. I just can't. I want to die, but I also fear what will happen after. I'm scared that maybe in the future things will get better, but because I'm dead I'll miss out. But also keep asking myself why does that matter? And the crazy thing is...my life isn't bad. Because even if I lost a few friends in my life, I also still have a lot of good ones. I have a lovely mother that cares deeply about me. I have some kind of passion that keeps me driven. So do I feel down. Because mentality, I'm unhappy. Because my friends don't trust me to tell me important things. Because I love my mom, but I want to get back on good terms with my dad to. Because I have passions yet I can't seem to pick up the pencil and write, draw, dream.  I hate this feeling. I wish I lived in my own world personalized just for me. It would be so much easier. I look at others and wonder what it's like to be like them. What is it like to be popular, associate yourself with everyone. What is it like to have a boyfriend and experience your first kiss. What is it like to have good grades in all classes. What is it like to be normal...I just want to feel worthy. I want to feel important. I want to feel genuinely happy in my life. In all honesty, I'm just really lonely. Love from your parents are great, but love from the people around you like your friends are so much more to me. Like it's expected of parents to love their kid(s), but when a friend loves you, it means something. At least for me. I'm 9th grade, only 14. I have so many years ahead of me that I'm looking forward to. But I'm always looking back on the past and never wondering or dreaming about the future. 

God....I hate myself. I want to laugh but cry at the same time because of this rant. So many mixed emotions...

Anyway if you read till the end,thx. I know this was stupid, but hopefully you understand where I'm coming from. But this rant is so stupid. I'm sorry you read this dumb shit. *sighs*",no,no,0.1338663548231125,phase3_latent
user1668,6780c1d19d16,The Sequence. The despair. You will know.,"It was at the hospital where I was working that it began when they took the infant raw from the womb and its body was polished ivory and a nuclear haze hung about its head and the words on the limbs were the twice-hidden acid litany I had sought and from it I defined the Sequence and this is the Sequence:

The Beast is pulled from the Dead Sea. It’s body is a salted wreck, and 7 heads top 7 ruined spines, and it is classified Gastropoda Megido by the Great Philosophers, and their steel physicians spit lightning down the nerves and its thrashing causes

The twitching in the upper atmosphere of a radio worm that is caught by the numbers stations and woven into the twelfth wavelength and a man in Moscow breaks the limestone shell on the humming copper dials and twists it into the monotone buzz and broadcasts to

The concrete bunker under Bikini Atoll where the pristine carcass of Einstein is still breathing in its galvanised cradle and a host of mathematical spectres are recording the convulsing patterns of his immortal cortex and from it they realise

That there is a Ford T-Model in a dusty cobalt sheen travelling Route 66 surrounded by a corona of cyanide and sulphur and the passengers are twice as worse as the driver and the drivers nails curl around the steering wheel and the colour of his eyes is the same as the arterial shades seen in the severed limbs of the myriad cadavers littering the streets where


A company of knights are solemnly striding through the wreckage and their banner is a dying CRT monitor from which a host of wires vomit forth into the shuddering rubber cancer of the power grid and upon the screen can be seen

A low resolution image, a pixel rupture bloom in which can vaguely be discerned the silhouette of a pallid hairless figure, and it slowly turns towards the camera which whines and coughs molten filament in protest at the eyes of the thing which

Flicker through a chemical veil rising from the blistered bones of the buildings, the weeping solar sore brushing the earth with a curtain of incomprehensible colour before

Somewhere in the Atlantic a tiny black box adrift on a cyan surf begins to hum long and low and 3 seperate people write the words on their chests in arsenic and

A roar from out of space",no,yes,0.9825232028961182,phase3_latent
user1464,acff0b53cf0f,How can you be depressed and not also love music ?,"I find it difficult right now to believe a person can be depressed and not also simultaneously love heart wrenching music, if any.",no,no,0.005765330512076616,phase3_latent
user1591,622f80110740,Tired.,"I'm so tired of fighting my mind.
I'm lately joking with myself about when do I receive an Oscar, even the psychiatric pointed out how functional I am and how depressed I am.

I just fucking can't, you know?
I just want to be able to live, I feel like I am existing.

I tried shitload if things, and still trying, doing anything I can to stay head above water and I'm fucking tired as I don't see the shore.

I am at a loss and lonely as fuck.",yes,no,0.05293355882167816,phase3_latent
user1515,bee83e04eb61,"If you're reading this, it's too late..","I'm already sending good vibes and love your way. There's no way to stop my affection towards you. You're valid and loved! Hang in there bud, don't give up yet.",yes,yes,0.9996826648712158,phase3_latent
user1570,4d6a3ddc5638,some lame confession,"Its irony when my mom keeps bugging me like why wont I spend my time to talk with her instead of me sulking in my bedroom when everytime I talk to her,she always manage to either compare me with one of her friend's child who are far way more successful or reminds me of how much my dad not wanting me.I wish I was never alive.",no,no,0.043052513152360916,phase3_latent
user1451,9c34882ee8e3,What is wrong with my brain?,"So life is okay pretty good I guess wish we made more money but I’m happy. Or I’m not. Doesn’t matter I still feel the very VERY strong need to kill myself and it lasts for a while like a week or for a short term like a few hours. Sometimes I feel like I have to slit my wrists in a tub or put that bullet in my brain or swerve into a truck but I know better. It’s something in my brain that is triggering this. I am a Christian a real one and I ask God at times to take this from me and it helps but it’s like a voice a little guy on my shoulder waiting and watching and anything can trigger it. UHG! So frustrating. I think about how my dog, my husband, my brother sister and nieces and nephews need me but the voice doesn’t care. I was just wondering if there is a part in the brain that does this? I have never done hard core drugs but my mother was high on speed when she was pregnant with me... and she has a dopamine issue because of all the drugs and falls into deep depressions or gets suicidal from it. Maybe it’s hereditary or maybe because of the drugs she did when pregnant caused the issue with my brain? Anyway any thoughts would be helpful thank you in advance.",yes,no,0.014491691254079342,phase3_latent
user1639,21df4ae4bb14,"When you are so depressing that nobody replies to your posts, even on r/depression","And you start to notice people you know dont really listen to you anymore. When you cant keep up the ""I'm fine"" charade and realize that you have nobody to turn to. Maybe you never have. This is my life obviously but this is also a shout to others who feel the same way. 

Hello my fellow invisible ones. Dont give up, it only makes it worse and nobody will save you anyway.",no,no,0.08902290463447571,phase3_latent
user1460,418a495c1215,Symbols,"Do any of you know a symbol that I can wear that means a broken soul.  The broken heart is to basic, but I want a symbol that really represents me.  I feel hopeless,broken, lonely, but I still fight.",no,no,0.22231894731521606,phase3_latent
user1023,c3d067a408c8,I'm... thinking... bad things,"I'm tired. I can't see a purpose to still here. My mom says I was a mistake and she wanted to abort me. I grew up as a mistake. She once put out the cigarette on my knee. People say I'm a bad guy since ever. I'm ugly. I'm lonely. My job is awesome but I'm not worthy of it, as I spend my whole time procrastinating. I'm a fail, I'm a big mess.",yes,no,0.4875754117965698,phase3_latent
user1494,9c9d81d56076,Has anyone actually ever recovered from depression?,"Does the constant feeling of emptiness remain, no matter what you do?",yes,no,0.0004835364525206387,phase3_latent
user1417,44224475e905,The countdown continues,"(Read my previous post to this subreddit for context) 

***TW suicidal ideation***

I've got 318 days left until I turn 25... life hasn't gotten any better, a few things have potential to look up, but my depression and anxiety are definitely winning the battle. I fantasize about my own suicide daily. I daydream about different ways I might die/be killed. I intend to keep my promise to wait until I'm 25 even though I doubt she remembers the promise and we haven't even talked in forever, but man does life genuinely fucking suck. Honestly not much is going to pull me totally off this track at this point... so if I don't decide to vent on here again for a while, ttfn",no,yes,0.9852161407470703,phase3_latent
user1547,39fb0b0a9364,Serious question,"I feel like sometimes I did things that I am not even aware of, as if I had a other personality or just the simple fact that I do things without being aware of what wrong I could have done, or how it was wrong.

Mostly I think I am saying ""normal"" stuff. Depending of course on the point of view of each person... I have hear and have seen way worst but most of the times those people get free passes... Whatever

If by any chance you experienced the same or know something on the matter",no,no,0.041245121508836746,phase3_latent
user1698,69c82af50adb,Nearly a year into my gender transition: What I've learned. MtF,"I thought I escaped the depression. From the first dose of my Spiro and Estrogen I felt a huge weight off of my shoulders. It was time to be myself and thrive. I enjoyed it. I no longer needed to hide. After a couple of months I thought I'd try dating. Of course, I expected the hate messages. I expected the slurs. What I never expected was the amount of men that maintained interest after I disclosed that I'm transgender. What I soon found was a pattern. A pattern I could not escape. It was in this moment I realized what being a living fetish is like. 

For the past nine months I've been nothing more to men than a source for pictures and a discreet fun time. I still fall for the player saying he wants something more than hooking up just to be used, ghosted, and hit up when he is drunk and horny. The first few times hurt my ego but I recovered. Having the same story for nine months straight makes me question if this is all that life has for me. 

I want nothing more than to just connect with someone. Talk with a guy about life and get to know each other. But. The only attention I ever get are if I post naughty pics or nudes. Once I show and indication that I'm human they ghost. I've made a few trans friends and the story is the same. Doesn't matter how pretty. How much they pass. We're just a fetish and nothing more. It makes sense why they're all either depressed or escorts. 

I've fought the desire to end it completely so I no longer have to deal with the loneliness. It's a crippling loneliness. I'll never find love.",no,yes,0.9938787817955017,phase3_latent
user1634,560d171cd279,Suicide,"I'll probably do it in my middle age. I don't want to die old and helpless. For now, I'll push on and I'll do my best for others even if it means dying.",yes,yes,0.99915611743927,phase3_latent
user1563,22c3e9394602,"Please don't ignore this, I am going through some stuff right now.","I can't fucking stand looking at myself in the mirror, my face is round and my cheeks are too chubby. It's a fucking baby face and I see kids younger than me who are able to have defined jawlines, clear skin etc. But no, not me I have moderate acne and I have psoriasis which is starting to flare up. I try to look after myself, but it gets fucking hard getting out of bed and actually looking after myself when I wish that all of this would go away. 

They say I look like my Dad, as if it were a positive aspect, even though he left me when I was a baby. So what? I'm supposed to be grateful for looking like someone who not only was a deadbeat, but also that I should be grateful that I have to look bad for something I couldn't control. I just want to get plastic surgery ASAP. The only reason why I'm working so hard (or at least trying) is to get enough money to fix this shit. I feel so anxious that I feel like when people talk to me, it's out of pity. Why would you talk to someone who looks ugly? My personality doesn't match my body; I can be aspirational, confident at times (shocking right?) , and empathetic. But then I'm a 6'2, slightly chubby piece of shit and whilst that could potentially be fixed, why the fuck is it so hard for me. I swim about 1.5 - 2 miles a week and I eat okay and I can't lose weight. And if I were to get plastic surgery etc., I know that my family would disapprove it, despite that my siblings look so much better than me, seriously. It's not even my family, but my mum, how would she look at me.

But on the other hand this can't happen any longer. It's like my reputation is based on looks when I'm so much more. I want to cry but no one would care because *where's the reward when it isn't a cute ""depressed"" girl to help?* I get judged for being nice, as if I were trying to get some. Could any of you give me your thoughts on plastic surgery. It pisses me off how I would get criticised, like I'm forced to stay this way but others who are naturally fit get to have a good life. I just can't keep going on.

I remember one time I was talking to someone and felt like I wanted to cry because I was thinking ""no one would ever see me like the way they see other people "" (i.e. romantically). I wanted to die, like I always have. But I cannot for certain personal reasons. Hence I am trying to choose the other method: work really hard and if things don't change I **will kill myself regardless of my morals &amp; the consequences etc.** But please, don't comment the bullshit of ""you'll find someone who loves you for your personality"". That is pity and that fucking beats me to the ground. I had a mini panic attack but I tried to contain it to write this. Opinions would be appreciated. I just wanted to make my mum happy and I still managed to fuck it up, no stories about countless girls, popularity, just a sorry piece of shit that my mum has to love. I feel so bad for her.",yes,no,0.021151939406991005,phase3_latent
user1672,538cbb121d99,I wore short sleeves to work today,"I started my job a couple months ago. I have worn a sweater over my work shirt or long sleeves with it to cover my scars. I know that I shouldn't be ashamed of them, but I often feel that way. However, today I decided to say fuck it and just wear short sleeves. I was uncomfortable and didn't want anyone to notice, but I'm still glad I did it.",no,yes,0.6811504364013672,phase3_latent
user1516,ec2e25e4b088,help with opening up,how are you soppose to open up if you feel like its a trap if you say what on your mind,no,yes,0.9992473125457764,phase3_latent
user1510,39435562a38f,heartbroken,"my first ever boyfriend just broke up with me after confronting him about cheating. i know what he did was wrong, so why do i still love him? he helped me with my depression and anxiety episodes, he literally just dropped me as if i was worth nothing and it hurts so bad. i feel empty, i dont wanna go back to how i was. back to feeling lonely and worthless of love, how do i move forward when all i want is to disappear, everything reminds me of him and i cant stop crying",no,no,0.0034074278082698584,phase3_latent
user1706,c88a256a5399,Just losing energy and a will to live,"I wake up and all of my energy goes to getting showered and out the door. The drive to work I spend my entire time stopping myself from just speeding into a wall. I don’t find joy in life, I have lost my own identity and I can’t figure out who I am. I genuinely feel like my dog is the only reason I’m not dead. He looks at me with such love but he is 12 and it’s not looking good. I think I might go when he does",yes,yes,0.8388402462005615,phase3_latent
user1602,e8e4292e9709,How long before I can admit this is actually what I want?,"The first time I ever imagined killing myself I was 8 years old. Since then all I’ve ever done is hurt people and been hurt by people. Even before then, all I can ever remember knowing was abuse. I’m sure there were good things.  I know there have been good things since... but when 90% of all you ever know is wanting out.. when do you just admit it’s what you actually want?",yes,yes,0.9210310578346252,phase3_latent
user1526,cd581cf1298c,guilt,"I've been suicidal in the past and really thought I was better. For some reason started thinking about all the bad/hurtful things I've done to people and within like a week went from feeling generally good to researching ways to kill myself. I feel like a shit person and like there's no good reason for me to live. I just want to stop feeling guilty and I don't know how to do that except kill myself. And I feel like I would kind of deserve it.

I'm scared that even if I make it through this I'm just doomed to being suicidal all my life and eventually I'll be impulsive enough to do it. Even just thinking this way makes me feel guilty because I know how much being suicidal hurts and scares my friends and family. I feel like a bad person for reaching out for help.",yes,yes,0.9691218137741089,phase3_latent
user1673,4063168e3116,when i know i have to wake up to do something i’m extra tired,"Does anyone else have this? Like when I get up for school, I always want to go back to sleep, but like if I stay home sick I become super awake and stay up. For about 4 years on school days I’ve set about 30 alarms from 5:55 to 7:20 because of this. I don’t know if it’s linked to depression, because I’ve only been really depressed for about 8 months but had mild depression for about 3 years. I remember always having this phenomenon. It’s so noticeable too, like if I fake being sick to stay home, the second I know I’m able to my mind and body just become instantly awake.",no,no,0.0007209558389149606,phase3_latent
user1657,20cdf30a1837,Cursed,"I feel like I’m cursed. I don’t understand what I’ve done to deserve this. I try to be good, I’m not an evil person... I care, I try to be there, I try to help to others. My entire life has been shit... addicted parents who’ve never been there emotionally for me, abusive relationships, eating disorders, anxiety, depression... 

It’s funny how one little thing can change everything. As March started, I truthfully started feeling better, things were on the up and up... I even went to the gym and worked out yesterday, fully motivated to keep it going. Then, last night yet another curse. Now we’re back at square one, and the worst part is I have no one. I’m alone, physically and emotionally. I don’t have any friends or family to talk to or confide in. My partner is just as bad as I am in terms of mental state, so I can’t rely on him emotionally at all. I’ve managed to get through so many things in my life... and I thought they would make me strong.... but I was completely wrong. I’m weak. I’m sick of everything, I’m starting to really lose my faith in everything and everyone. I went to sleep last night wishing to never wake up again. I’m so disappointed to be alive right now.",no,no,0.03015264682471752,phase3_latent
user1483,6110d1d0f27e,I didn’t kill myself,I didn’t kill myself cause i’m a fucking pussy. I was too afraid I’ll survive and have some serious medical issues. Idk what took over me. I was kinda in a transe and I’m honestly glad I didn’t do it.,yes,yes,0.9992293119430542,phase3_latent
user1670,ff972cddce5d,Is it okay to just accept your depression and move on with life?,"I’ve kind of resigned myself to the fact that I’m never going to be comfortable and satisfied with who I am because of how other people view me. My solutions to this are to just close myself off from people in general and accept my depression. Is accepting your depression bad? I’ve tried therapy and drugs, they didn’t work and I’ve found that I prefer myself unmedicated anyway. I’ve just accepted it as part of me, it’s who I am. I’ve tried to change my outlook but it only works for a short period of time then I revert back to my previous dark mindset.",no,yes,0.7547858357429504,phase3_latent
user1693,edfa0e89548f,I’m just tired of it,"I just feel like nothing I ever do is enough.  I work hard and try to do my best but it never seems to be enough. My job is great except for the people in the office.  I came into work today and received a disciplinary meeting in two weeks.  I have not done anything out of the ordinary or wrong and my boss literally said to me last week “ all your hard work isn’t going unnoticed!”.  So this laughable disciplinary is a slap in the face.  Unless my boss meant that they think I suck?  This is exactly a year since the last time I was called in and interrogated/ yelled at for nothing.  I’m not sure if this is their need to assert dominance on workers that actually do their jobs so that they don’t move up/think they came move up.    I’m just so sick and tired of it.  My mother is dying, my brother is in jail with schizophrenia and I have no significant other. I’ve been working towards getting into a nursing program and I don’t know what I’ll do if I don’t get in.  I’ve quit drinking but suicidal thoughts sober are... sobering lol.  I just feel like life is a joke.",no,no,0.02880249358713627,phase3_latent
user1461,cbe3333e78c0,does anyone else fantasize coming back to life after committing suicide?,I want to know if people do to snap me out of my mental state in some way. I tried to commit suicide two weeks ago..,no,no,0.3088884949684143,phase3_latent
user1688,781bef28e925,Literally Careless.,"I’ve been depressed since my last year of school so for 5 years now and nothing seems to make me happy. I’m convinced that life just isn’t for me. Recently I’ve lost everything I’ve got no job no money, I pushed all my friends away and pushed away a girl who loved me and would do anything for me. I block all my problems out and just isolate myself. I don’t open up to anyone I just say I’m fine. It’s gotten to the point where I don’t care about anything anymore. Whatever happens I just don’t care nothing bothers me or phases me I’ve been so unhappy for so long and no one even knows what goes on in my mind. I feel like it’s never ending. Most of the time I don’t want to live. I never tell anyone anything because I feel so embarrassed and people might not believe me but I’ve hid all this for so long... I stay awake because I have nothing to be excited about waking up to. I just don’t know anymore.",no,yes,0.67735356092453,phase3_latent
user1671,63576977d805,this week is so exhausting and I'm really close to giving up i don’t know what to do anymore hahahaha please kill me,emptypost,yes,yes,0.8532335162162781,phase3_latent
user1620,49871a428d20,Just in case...,"I'm an 18 year old with severe depression, anxiety, ADHD, borderline personality disorder and DID at a point in my life. But I'm slowly recovering.

I have always felt like I never belonged to this world, because I am ""too imaginative"" and ""too kind"". I behave ""not like how people should"". I'm mostly well-liked, but I know they think I'm a weirdo. Everyone does.

It's final exam time for us, and I have to secure good marks, otherwise I won't be able to enter any good streams in a good college. It would be the end of my future. My family is in a financial crunch, but they give up everything for me. I am dead-set on helping my friends get through their depression and suicidal tendencies, but I'm failing at that. I have had three attempts, but I was saved by a person, who himself was alexithymic (I think) and suicidal. He still is, and he says if he doesn't do well, he will commit suicide.

I don't know what I'm gonna do if I don't perform the way I should. But I certainly know that I will die if he does.

In case everything goes wrong, I'll leave. There's no other way. The day of my death is nearing. It's just 3 months away.

Love you all. Have a good day.",yes,yes,0.9988498687744141,phase3_latent
user1428,1303e754ed07,I want to die I want to die I want to die,emptypost,yes,yes,0.9990087151527405,phase3_latent
user1484,99dcc59b5838,My mom told me to kill myself,"She was yelling at me about school stuff in the car. I usually stay calm and let her get it out of her system but today I snapped and told her that I’m suicidal, hoping that she’d calm down. She did not. She belittled me for it while I tried to keep myself from crying too much. I tried again, telling her that I want to kill myself and asking if that’s what she wants. Her immediate response was “You know what? Do what you fucking want.” 

I’m so tired. I’m sixteen, this isn’t normal. I defend her at every turn, even now in group chats with friends calling her abusive while I’m sleeping over at a friend’s house because the thought of returning home makes me feel like I’m gonna puke. 
I had a vivid image of my dead body covered in blood with a note saying that line of hers and a smiley face. I also want to see the look on her face when I walk up to her with a knife in my hand and tear my wrists open. I want to damage her as much as she’s damaged me. 

I’m not as depressed as I normally am, surprisingly. Just tired. She came by with a bag of extra clothes for me and I think she found an empty pack of cigarettes in my closet because she took a shirt of mine that was under it (I hide it between layers). My friend went out to get it for me because thinking about talking to her face to face made me anxious. She blamed him, to his face, for me wanting to switch schools; that he scared me out of my current program. 

I’m not actually going to kill myself or anything, as much as I want to. It’s too short notice for me to make any final preparations. But I think if I hadn’t called my friend I’d have broken my self harm clean streak and cut down to the dermis again or maybe even deeper. 

The icing on the cake for all this is that I got called selfish by my mom for not coming home. Her boyfriend’s mother passed away recently (we live with him) and her funeral is tomorrow. I have selfish timing apparently, and I’m not even the one who started this whole thing in the first place. I’ve cried so much that I don’t feel any strong emotions anymore. All I have right now is sadness, but it almost fades into me being tired. 

I also have guilt. Not because of this but because I have an important group project due tomorrow and I was supposed to make a poster. I obviously wasn’t able to complete it. People’s grades are going to suffer because I’m too weak to just walk inside the appartment and sit through some yelling     

I just don’t deserve to live, I guess. I’m a massive letdown to everyone in one way or another. People would be much happier with me gone, my parents are divorced and though my dad would be upset about losing me at least he won’t have to put up with my melodrama anymore. My mom won’t have to stress herself out over me being too tired to put effort into school, there wouldn’t be any strain on her relationship with her boyfriend anymore because of me. My classmates won’t have to worry about bad grades because of a flakey group member. My boyfriend can get someone who won’t ruin his mood all the time just by talking about their feelings. My family doesn’t have to worry about me being a disgrace or anything, if a member dies by suicide they’ll likely just get pity rather than dirty looks after I inevitably become a junkie. 

The only one I would really feel bad for is my dog. I don’t see him often, every few months or so. But he loves me about as much as I love him. I don’t know how I could ever explain to him, in a way that he’ll understand, why I’m leaving and not coming back. Why it’s not his fault, the extent of how much I love him, how good of a boy he is. That’s just something I’ll never be able to do for him. 

Vent over. I need to get some sleep but I don’t think I’ll be able to get up in the morning. 

If it’s any consolation, to those that have read this far, I’m seeing my psychologist tomorrow.",yes,yes,0.9946027398109436,phase3_latent
user1586,0701a484f165,I can’t afford to live,"I come from and live in a country where things are too hard and over half the population is unemployed and suffering mentally. The only people surviving are doing something illegal like pulling the most scams, kidnapping or prostitution. I wish I can indulge in any of this, I have tried to do everything legally even with a degree i seem not to find a job.

It is too hard for me to live on, I can’t afford basic meal or rent and this hardship has set even my family apart.

I am thinking of taking my life as the problem persist. See you guys on the other side if ever succeed.",yes,yes,0.9747115969657898,phase3_latent
user1626,fb735a47af19,Vent thing?.,"I want to die but my life isn't even that difficult, there are people in worse situation than me. I feel guilty for wanting to die, knowing that. I should be grateful for everything I have, knowing there are people who don't have access to food, etc but I'm not. I want help but I don't feel like I deserve it because there and people in a worse state than me. I want to tell my friends/family that I want to die, but I don't want to look like an attention seeker so I don't tell them. The only thing stopping me from jumping off 19 storeys is my cowardice, everyday feels so repetitive and boring that I might just jump one day in front of everybody, to see if they would care. I feel so guilty that people have to deal with me, I'm a nuisance. I don't feel that anything I do in life would matter as I will eventually die, like everybody else. I keep letting everybody down. Everybody hates me and I hate myself. I can't do anything right at all, I'm ugly, I'm talentless. I'm useless.",yes,yes,0.5177085995674133,phase3_latent
user0839,f084580bcfbd,Whats the point in living if we die anyway?,"Honestly I'd rather die now if I have to die.
""Life's a bitch and then you die""
But sometimes ""Life's a bitch and you keep on living""",yes,yes,0.7908453941345215,phase3_latent
user1502,48414e5c629c,I Don't Know Why I've Been Thinking About Suicide So Much Lately..,"I know I'm not gonna kill myself, but that doesn't distract me from the fact that I want to. Over these past few weeks, my suicidal thoughts from last year had resurged.. I feel like an absolute failure; an absolute burden to those around me. Every day, whenever I hear someone laugh, I instantly feel as if they're making fun of me. I feel like nobody really likes me... as if all my relationships are fake with others. When people make fun of me, I just let it happen. I either laugh along or smile like a fucking idiot because I don't want to cause any more problems for the person. I feel as if each time I say something, I ruin someone's day. Just today, I said something I shouldn't have... and now I feel like absolute shit even though I apologized after realizing how shitty it was for me to ask that. I don't think he accepted my apology anyways. My grades aren't bad by any means, I have B's and A's in hard classes, but I feel like I'm just crunching under the pressure. My parents hate my grades and all my friends around me seem to just be doing much better than me. I really just think I'm a failure and will never do good in life. I feel like people hate me and view me as a burden. Each time I try something, I never turn out to be good at it. I feel as if I'm bad, or simply average, at whatever I do. I'm not creative, musical or smart. Do I really deserve existing if I can't make a single difference in this world?

&amp;#x200B;

As a result of all of that, when I got home today, I looked for ways I could kill myself and even planned how I'd do it. I don't want to, yet I still went that far. I don't want to kill myself- but I still feel like a piece of shit. I have a feeling none of what I just wrote made sense. What would you guys suggest for me to do? I know I don't want to go through with my plans, yet I still feel as if I should. Am I just being a little brat?",yes,no,0.24752195179462433,phase3_latent
user1522,0abe358d52eb,"14 hours, tick tock","Maybe this will be the last time I'll be posting here, and allow me to express my gratitude for all of you, I have met few amazing people through here in the last year and I'm glad, that I spent the last year without the rules of the society and at my will, well worst and I don't regret a second of it. I'm glad to have had such a privileged life, ups and downs but most of it all was such a ride. I'm content, I'm not angry or upset nor feeling helpless, I'm feeling like it's time. It was a good 21 year ride, and bless the reddit for it helped me laugh countless times with the memes and helped me get in touch with myself through its amazing redditors, you all rock, hope to meet you all one day after that rainbow bridge. 
Thank you and goodbye. :)

Update: I was caught by my mom while preparing for it and she didn't need a second to release what I was about to do, I'm on surveillance now, there goes me, failed again. Nonetheless, thank you to everyone who tried to reach me and left a kind comment. Back to hell, back to reality, back to existing.",yes,yes,0.9998903274536133,phase3_latent
user1604,49dba2ccc8f9,I feel like it's my fault,"My cousin died last weekend. My dad and I did not attend the funeral because he molested me when I was a kid. My family is angry with us.... particularly my dad. There has been a rift for years and recently it felt like it was getting better but now it's all fucked again. Ever since he died I've had an overwhelming amount of emotions some angry, mostly angry.. now I feel sad for being the root cause of this rift. My family is angry and I can't tell them why. I don't want to and honestly what good would it do now. I'd rather just deal with it and move on. I feel like it's all my fault. Everything feels overwhelming I just feel like I can't.",no,no,0.015759417787194252,phase3_latent
user0583,27e3bee2e1e8,Drafting my note,"I'm about done here, its time for me to punch out. No friends, no career and no passion for anything. I moved from Texas to my hometown in Wisconsin because it was the last place I actually remember being happy but I've been here for a year now and nothing has changed. It's been so long now that I've felt like an entirely useless waste of space. My family doesn't even care about me anymore but I still want to write something to my mom just so she hears it from me and not a phone call by the police. I just want to apologize for all the time and money wasted on me, I turned out to be such a disappointment and I just want to be gone. I'm saving up for a neat looking revolver so I can at least go out with a bang. I just don't know what to put in the text to my mom,I mean how can I just say that I give up, that the world wins, that they were right about me",yes,yes,0.6924346089363098,phase3_latent
user1471,cf5c1950f97e,"New wiki on how to avoid accidentally encouraging suicide, and how to spot covert incitement","We've been seeing a worrying increase in pro-suicide content showing up here and, and also going unreported. This undermines our purpose here, so we wanted to highlight and clarify our guidelines about both direct and indirect incitement of suicide.  

We've created a wiki that covers these issues.  We hope this will be helpful to anyone who's wondering whether something's okay here and which responses to report.  It explains in detail why *any* validation of suicidal intent, even an ""innocent"" message like ""if you're 100% committed, I'll just wish you peace"" is likely to increase people's pain, and why it's important to report even subtle pro-suicide comments. The full text of the wiki's current version is below, and it is maintained at http://www.reddit.com/r/SuicideWatch/wiki/incitement. 

We deeply appreciate everyone who gives responsive, empathetic, non-judgemental support to our OPs, and we particularly thank everyone who's already been reporting incitement in all forms.  

Please report any post or comment that encourages suicide (or that breaks any of the other guidelines in the sidebar) to the moderators, either by clicking the ""report"" button or by [sending us a modmail](https://www.reddit.com/message/SuicideWatch) with a link. We deal with all guideline violations that are reported to us as soon as we can, but we can't read everything so community reports are essential. If you get a PM that breaks the guidelines, please report it both http://www.reddit.com/report and to us in modmail. 

Thanks to all the great citizens of the community who help flag problem content and behaviour for us.  
    
    

******
***http://www.reddit.com/r/SuicideWatch/wiki/incitement***  
*******

###Summary###

**It's important to respect and understand people's experiences and emotions. It's never necessary, helpful, or kind to support suicidal intent. There are some common misconceptions (discussed below) about suicidal people and how to help them that can cause well-meaning people to inadvertently incite suicide. There are also people online who incite suicide on purpose, often while pretending to be sympathetic and helpful.** 

###Validate Feelings and Experiences, Not Self-Destructive Intentions###

We're here to offer support, not judgement.  That means accepting, with the best understanding we can offer, whatever emotions people express.  Suicidal people are suffering, and we're here to try to ease that by providing support and caring.  The most reliable way we know to de-escalate someone at risk is to give them the experience of feeling understood. That means not judging whether they should be feeling the way they are, or telling them what to do or not do.  

But there's an important line to draw here.  There's a crucial difference between empathizing with feelings and responding non-judgmentally to suicidal thoughts, and in any way endorsing, encouraging, or validating suicidal intentions or hopeless beliefs. 

Anything that condones suicide, even passively, *encourages* suicide. It isn't supportive and does not help. It also violates reddit's sitewide rules as well as our guidelines. Explicitly inciting suicide online is a criminal offense in most jurisdictions. 

Do not treat any OP's post as meaning that will definitely die by suicide and can't change their minds or be helped. Anyone who's able to read the comments here still has a chance to choose whether or not to try to keep living, even if they've also been experiencing intense thoughts of suicide, made a suicide plan, or started carrying it out.  

In [the most useful empirical model we have](https://www.apa.org/science/about/psa/2009/06/sci-brief), the desire to die by suicide primarily comes from two interpersonal factors; alienation and a sense of being a burden or having nothing to offer. These factors usually lead to a profound feeling of being unwelcome in the world. 

**So, any acceptance or reinforcement of suicidal intent, even something ""innocent"" like ""I hope you find peace"", is actually a form of covert shunning that validates a person's sense that they're unwelcome in the world. It will usually add to their pain even if kindly meant and gently worded.**  

###How to Avoid Validating Suicidal Intent###

Keep the following in mind when offering support to anyone at risk for suicide.  

* **People who say they don't want help usually can feel better if they get support that doesn't invalidate their emotions.** Unfortunately, [many popular ""good"" responses are actually counterproductive](https://www.speakingofsuicide.com/2015/03/03/what-not-to-say/). In particular, many friends and family tend to rely exclusively on trying to convince the suicidal person that ""it's not so bad"", and this is usually experienced as ""I don't understand what you're going through and I'm not going to try"".  People who've had ""help"" that made them feel worse don't want any more of the same.  It doesn't mean that someone who actually knows how to be supportive can't give them any comfort.   

*  **Most people who are suicidal want to end their** ***pain,*** **not their lives.**  It's almost never true that death is the only way to end these people's suffering. Of course there are exceptional situations, and we certainly acknowledge that, for some people, the right help can be difficult to find. But preventing someone's suicide doesn't mean prolonging their suffering if we do it by giving them real comfort and understanding. 

* ***An unfixable problem doesn't mean that a good life will never be possible***.  We don't have to fix or change anything to help someone feel better. It's important to keep in mind that the correlation between our outer circumstances and our inner experience is weaker and less direct than commonly assumed.  For every kind of difficult life situation, you will find some people who lapse into suicidal despair, and others who cope amazingly well, and a whole spectrum in between. A key difference is how much inner resilience the person has at the time. This can depend on many personal and situational factors. But when there's not enough, interpersonal support can both compensate for its absence and help rebuild it.  We go into more depth on the ""it gets better"" issue in [this PSA Post](https://www.reddit.com/r/SuicideWatch/comments/25igd7/whats_wrong_with_it_gets_better_what_if_it_doesnt/) which is always linked from our sidebar (community info on mobile) guidelines. 

* **There are** ***always*** **more choices than brutally forcing someone to stay alive or passively letting them end their lives**.

To avoid accidentally breaking the anti-incitement rule, don't say or try to imply that acting on suicidal thoughts is a good idea, or that someone can't turn back or is already dead.  Do whatever you can to help them feel cared for and welcome, at least in this little corner of the world.  [Our talking tips](http://redd.it/igh87) offer more detailed guidance.

###Look Out for Deliberate Incitement.  It May Come in Disguise.###

Often comments that subtly encourage suicidal intent actually come from suicide fetishists and voyeurs ([unfortunately this is a real and disturbing phenomenon](https://en.wikipedia.org/wiki/William_Francis_Melchert-Dinkel)). People like this *are* out there and the anonymous nature of reddit makes us particularly attractive to them.  

They will typically try to scratch their psychological ""itch"" by saying things that push people closer to the edge.  They often do this by exploiting the myths that we debunked in the bullet points above.  Specifically you might see people doing the following:

* Encouraging the false belief that the only way suicidal people can end their pain is by dying.  **There are** ***always*** **more and better choices than ""brutally forcing someone to stay alive"" or helping (actively or passively) them to end their lives**.

* Creating an artificial and toxic sense of ""solidarity"" by linking their encouragement of suicide to empathy.  They will represent themselves as the only one who really understand the suicidal person, while either directly or indirectly encouraging their self-loathing emotions and self-destructive impulses.  **Since most people in suicidal crisis are in desperate need to empathy and understanding, this is a particularly dangerous form of manipulation.**  

Many suicide inciters are adept at putting a benevolent spin on their activities while actually luring people away from sources of real help.  A couple of key points to keep in mind: 

* **Skilled suicide intervention -- peer or professional -- is based on empathic responsiveness to the person's feelings that reduces their suffering in the moment.**  Contrary to pop-culture myths, it does **not** involve persuasion (""Don't do it!""), cheerleading (""You've got this!"") or meaningless false promises (""Trust me, it gets better!""), or invalidation (""Let me show you how things aren't as bad as you think!"").  Anyone who leads others to expect these kinds of toxic responses, or any other response that prolongs their pain, from expert help may be covertly pro-suicide. (Of course, people sometimes do have bad experience when seeking mental-health treatment, and it's fine to vent about those, but processing our own disappointment and frustration is entirely different from trying to destroy someone else's hope of getting help.)

* **Choices made by competent responders are always informed by the understanding that breaching someone's trust is traumatic and must be avoided if possible.**  Any kind of involuntary intervention is an **extremely unlikely** outcome when someone consults a clinician or calls a hotline. (Confidentiality is addressed in more detail in [our Hotlines FAQ post](http://redd.it/1c7ntr)). The goal is always to provide all help with the client's full knowledge and informed consent. We know that no individual or system is perfect.  Mistakes that lead to bad experiences do sometimes happen to vulnerable people, and we have enormous sympathy for them. But anyone who suggests that this is the norm might be trying to scare people away from the help they need.  

Please [let us know discreetly](https://www.reddit.com/message/SuicideWatch) if you see anyone exhibiting these or similar behaviours. We don't recommend trying to engage with them directly.",yes,yes,0.9364078044891357,phase3_latent
user1655,2a2b3ded2114,Life is unbearable. I'm losing my mind. I wish I had the courage to end this shit. Praying that someone out there reads this.,"I've been realizing some damn hard truths about myself. I've never been happy, ever since I was a little kid I felt like I was ""bad"". You know how children play ""house"" and it can be used in therapy to evaluate their outlook and issues? When I was a kid, I would play ""house"" with my fingers: there was the mom, dad, brother, and sister (me, the pinky finger). Each time, everyone would gang up on and beat up the sister. I just remembered that I used to ""play"" that game the other day - I don't think I have any real excuse for that, I was anxious as hell from a young age and irritable as fuck, but what kind of kid thinks of that shit? I was messed up back then.


I've talked to professionals. They seem to think that this is more than anxiety and depression. They say that I've faced a lot of trauma in my life. I suppose it makes sense. My parents were heavily abused during their childhoods, my mom even tried to kill herself as a young kid. My dad was an abusive alcoholic for most of my childhood. He and my mom would fight a lot - they would swear at each other, he would hit and throw things at her, she would scream at him and they would usually tell each other to go to Hell or drop dead. My dad was verbally abusive, and I remember he would hit my brother too. I presume he hit me, but I don't remember. All I remember is that when I was a teenager, he got so angry at me that he held me down on the couch. I was so detached, all I thought was how he was so angry he was about to drool on me, and how it was gross. I love my parents, despite their flaws. I just don't like them. We fight all the time. When I was younger, I remember that often when I got into a row with one parent, the other would get involved and then they would fight with each other. They would say horrible things like what I said above. They would say awful things to me too, like how once I was mad and my mom said I should look in the mirror to see how ugly I look. She would tell me to ""get out of her sight"" a lot. I get called a bitch at times. I'm told I treat them horrible, and I hate myself even more when they say that. Ugh. On the note of trauma, I realized earlier this year that I was repeatedly raped (oral, not vaginal) by my ex over the course of a year or so. That's also been tough to process.

It's fucked because I know my parents love me. They read to me as a child, they taught me to be independent. They just want me to be happy. But there's just always been something missing, I guess.

I realized that I may be in a chronic state of mild dissociation. I often feel detached from my body, my emotions, my environment, other people. I feel like I'm in a fog. My limbs aren't quite attached to my body, I feel floaty or dizzy. Weak and shaky. At times I dissociate harder, and I go totally numb. Can't move. Can't talk. Things look smaller, I float above or behind my body. My vision gets weird. It's scary yet comfortable because I'm aware that I'm further detached from myself and in a limbo for an hour. It fades and I get a headache, my body hurts, and I'm exhausted. Then it's back to reality, and I feel even more off for the rest of the day. I've noticed I also mildly dissociate when I try to sleep. My head is disconnected from my body, my limbs feel large or disconnect from my body. It's incredibly disturbing and I don't know why it happens. I never even realized I apparently dissociate until I started thinking about my childhood. Experienced some crazy depersonalization and derealization. When it happened, I realized that it was *very* familiar and I remembered doing it a lot as a kid. That realization fucked me up.


What really makes me feel crazy is the apparent somatic symptoms. I developed chronic visual snow and headaches as a teenager. I also started getting ocular migraines. Numerous tests and exams showed that all is well - it's just stress. My mouth has been hurting for the past year, as well. I even got an extra wisdom tooth removed, thinking that was the source of the pain. Nope. The pain persists, and is very noticeable when I'm stressed. Xrays and exams show that things are fine. I feel like a damn hypochondriac or like I'm malingering...but this is all very real to me.


I feel weak a lot. I am also dizzy, or like my brain is rotting, or stuffed with cotton/fog. My head is never ""clear"". I can't focus on much. Working is difficult. I can't truly interact with friends or family anymore. My weight has been all over. Due to horrible anxiety, I had lost a third of my body weight in 9 months. When I fell into this double depression, I lost 14 pounds in 2 weeks. Then someone I care about confronted me about the seriousness of it all. I tried to maintain my weight, and it worked for a month. Then I had a little breakdown and lost 7 pounds in 5 days. Started an antidepressant and became apathetic as hell - had an aborted suicide attempt and binge ate like crazy even though I wasn't hungry. I was like ""fuck it I deserve to gain weight and look disgusting"". I've gained 10 pounds in a week. I hate myself so much.


The more I realize, the more I hate myself. I've tried six or seven antidepressants, I've tried therapy a few times and am trying again. On another med right now. It all feels so damn hopeless. I've wanted to die since I was 13, and every day is just full of more pain and despair. 


People tell me not to give up on myself, but it gets more and more tempting as time goes on. Ever since I was 15, I always had a strong feeling I would die by suicide. I figured I wouldn't kill myself until I was 27 or 28, but things are becoming more disasterous. I just wish I had the courage to end this suffering soon. I feel like such a disgusting coward and a fraud. I'm ashamed to exist, to take up space in this world.",yes,no,0.07853934913873672,phase3_latent
user1628,806bb419f91f,fuck my worthless life,i make this type of post like every 2 weeks but seriously fuck my fucking life man i hate having no independence or freedom I'm 17 not 7 and i know my “dreams” of having freedom arent even that unrealistic thats why I'm suicidal. just let me walk to fucking circle k you dumb cunt thats the least you can do FUCK. if running away wasn’t illegal i’d have done it years ago. I'm trapped in a house with a narcissistic asshole grandma and a grandpa who just sits there and takes it. i hate it here i fucking hate my whole family and myself and i promised myself i wouldn’t cut anymore but who gives a shit anymore at least it’ll give me something to do. why not sneak some of my grandpas pain pills while I'm at it. fuck,no,yes,0.9581584334373474,phase3_latent
user1410,6644b0f034db,Every dream I've ever had has been crushed. I've been suffering from severe mental illness for two years and nothing gets better. I hate my life as it is now.,"I had a promising academic future. I had a wonderful, sweet partner. I had so much drive. I had so much support. People were proud of me. I have been a medical experiment for 2 years. None of the meds have helped much. I had to drop out of grad school after getting straight failing grades. The love of my life has fallen out of love with me. My grandmother, who raised me, died. I have thousands of dollars in medical debt associated with my mental illness and my only means of work is to take my clothes off and grind on strange men. I hate what my life has become. I hate what it is. I feel like I have nothing left to live for.",yes,no,0.014803067781031132,phase3_latent
user1643,1fbc572cd637,I’m sad and I don’t know why I’m sad,"I thought all my problems were settled but no. I guess depression is like cancer, there’s no cure to it. I feel sad, anxious, nervous and still have panic attacks. What’s wrong with me",no,no,0.007104822900146246,phase3_latent
user1119,8d855807eeea,A poem I just wrote,"A shrunken pain builds up in my heart,

a heaviness in my chest.

An empty feeling in my stomach,

that makes life meaningless.

The occasional sting on my arm,

reminding me of my hardships.

At times I feel so lonely,

like there's no one I can trust.

I cherish those few moments with my friends,

but in the end,

life is just a space between birth and death.",no,no,0.02517077885568142,phase3_latent
user0812,94945f0bdc1f,If David Pearce ideas came into fruition,Then I bet there would be people that would stay alive due to the limited amount of suffering and happiness that they could feel but then again it's all a pipe dream. Funny how some pipe dreams would really help humanity and David Pearce abolition of suffering idea would be the best suicide prevention tool ever.,yes,no,0.13392527401447296,phase3_latent
user1450,ae9d3bf4d151,"I tried falling in love, now I'm even more broken","I'm 24 years old. I've consisrently failed at pursuing all my dreams. A year or so ago I broke up with my ex girlfriend. I met her 2-3 years ago, memory is getting foggy, I'm sure y'all understand. Before that I was lied to, cheated on by the few other girls I'd been with. She dropped into my life out of nowhere. I met her online and at first we were both apprehensive... I didn't want to get hurt more but she was there for me. She helped me see therapists for my disorders, she helped me get out of bed and go to work every morning. We lived in different timezones and she would stay up through the night to wake me up in the morning to hear my voice. I fell in love with her. She said she loved me too. I flew her to where I lived and she took two weeks off her work which she takes seriously. She maintained she loved me, things were even better than she had hoped. After she left everything started slowly crumbling. I was getting worse without her and she couldn't deal. She couldn't deal being away from me, according to her, and I could see my disorders were bringing her down, even when I was on antidepressants. She eventually broke up with me. And it's been a year, and I'm living with someone else. She's living with someone else too. I don't feel anything anymore guys... I just try to not cry every day. I'm not fucking happy. I miss her and we text occasionally, she knows what she wants, and it's not me. I've lost interest in even sex now, worse than with the SSRIs. I really don't know how to keep going. I tried moving on, I tried changing homes, I tried pursuing passions but everything just falls short. I feel like I'm just pretending I care about things in hope that I eventually will and this torture will end. I just hope I don't have to live this fucking broken.",no,yes,0.7838699817657471,phase3_latent
user0420,a5e10361544c,Thinking of running away,"I want to die. I'm not scared of death, or of what will happen, i have no one, my death wouldnt hurt anyone. But i dont want to hurt. I dont want to feel my lungs fill up with water and not be able to breathe, i dont want to feel cuts all over or a rope around my neck or anything else. It always will hurt. Thats what dying is. I dont want that. But i dont want this either. So I'm thinking of running away, from home, from society, from life. Maybe i could live in a remote cabin in the woods. Maybe if i had a garden and if i had to hunting, anything but this. I dont want to live this way. I know living on my own in the middle of no where is too much, its impossible to make sustainable, i couldnt get the money to even try, and even then, i cant get out of bed much less do everything. I feel hopeless, even my imagined fanatsy escapism i feel like theres no way out. Maybe suicide is the only option. Idk. I dont have any hope left, my hearts empty.",no,yes,0.7740861177444458,phase3_latent
